coin,total_strategies_tested,profitable_strategies,strategies_beating_hold,best_strategy_return,best_strategy_name,best_strategy_timeframe,avg_return,avg_outperformance,best_sharpe,avg_max_drawdown,data_points,consistency_score
1INCHUSDT,441,160,414,441.16226144263635,RSI + MACD + Momentum_5,8h,3.515923119587194,86.48753290081609,0.10234648062860574,64.40257037392387,24672,0.012756183653831087
ATOMUSDT,441,219,154,742.194767872529,MACD,6h,41.27088351085997,6.711965455526126,0.10812893626884586,66.38154116676122,39182,0.20495064600631138
AVAXUSDT,441,165,92,12650.11291978629,Momentum_10,1d,118.49600650320093,-5.7858906276263795,0.10896028526307826,66.044156628798,26926,0.44335240528408515
BNBUSDT,441,165,0,3257.9812761863723,Momentum_5,2h,89.17100697815212,-2997.8561823131504,0.10712902219803618,70.17615687749317,42012,0.3336330193060114
BTCUSDT,441,138,0,279.4715108656268,Momentum_5 + Momentum_10 + WILLR,8h,-17.437856331253393,-683.2601934271671,0.10398338511109946,69.08622426626675,42012,-0.054567441580792936
LTCUSDT,441,183,70,688.9650105530582,MACD + Momentum_10 + STOCH_D,8h,13.307081940472084,-64.16948948996716,0.10631406354753768,68.41802292873047,42012,0.055219863834612054
SHIBUSDT,441,239,351,2132.664843700421,MACD,1h,74.46089597340456,115.1932637194491,0.11149106168061201,58.17030380578293,21413,0.4035409101506506
SOLUSDT,441,184,9,1360.0396436060703,MACD + Momentum_5 + STOCH_D,2h,38.76696530438325,-657.7210576261427,0.11067287172041189,68.27773722738065,27934,0.16174878947860585
