coin,total_strategies_tested,profitable_strategies,strategies_beating_hold,best_strategy_return,best_strategy_name,best_strategy_timeframe,avg_return,avg_outperformance,best_sharpe,avg_max_drawdown,data_points,consistency_score
1INCHUSDT,441,213,440,152.3240633653128,MACD + Momentum_5 + Momentum_10,1h,9.301414074109587,66.55230212327606,0.10173723760262073,47.67325478586568,8754,0.044925197228692565
ATOMUSDT,441,159,436,154.11015289873586,Momentum_5 + Momentum_10 + WILLR,4h,4.203719738215216,52.43845934229289,0.09903852643646072,45.694018556414335,8758,0.015156268443905198
AVAXUSDT,441,170,431,193.62513444863075,Momentum_10,4h,11.814884089288782,54.6196437934987,0.10967330792416384,46.089552695041505,8758,0.045544904652587134
BNBUSDT,441,256,425,170.37439176347667,STOCH_D,1h,19.741920626908957,48.42575177541725,0.09443195510331147,43.1321488500687,8758,0.11460162540790687
BTCUSDT,441,183,11,171.5326541694662,Momentum_5,1h,0.21839569061489436,-51.41621492628192,0.1021124034558391,49.07739988656442,8758,0.0009062678318033032
LTCUSDT,441,221,203,284.8587545246133,MACD + Momentum_5 + STOCH_D,8h,21.287454349535114,15.221794387957774,0.10598557619742527,49.79852631627644,8758,0.10667862610538004
SHIBUSDT,441,233,412,344.1807401727573,RSI + Momentum_5 + WILLR,1h,25.147250548674954,59.74208985661996,0.11187427200402908,42.39473141049606,8758,0.13286415822769307
SOLUSDT,441,149,225,201.46040822247534,Momentum_10,8h,1.3562236516532549,-6.790057163152064,0.10681248257727896,52.171793140869354,8758,0.004582252247082426
